Name,State,Candidate,Party,Votes
Andaman & Nicobar Islands,Andaman and Nicobar Islands,Bishnu Pada Ray,BJP,90969
Araku,Andhra Pradesh,Kothapalli Geetha,YSRC,413191
Srikakulam,Andhra Pradesh,Rammohan Naidu Kinjarapu,TDP,556163
Vizianagaram,Andhra Pradesh,Ashok Gajapathi Raju Pusapati,TDP,536549
Visakhapatnam,Andhra Pradesh,Kambhampati Hari Babu,BJP,566832
Anakapalli,Andhra Pradesh,Muttamsetti Srinivasa Rao (Avanthi),TDP,568463
Kakinada,Andhra Pradesh,Thota Narasimham,TDP,514402
Amalapuram,Andhra Pradesh,Dr Pandula Ravindra Babu,TDP,594547
Rajahmundry,Andhra Pradesh,Murali Mohan Maganti,TDP,630573
Narsapuram,Andhra Pradesh,Gokaraju Ganga Raju,BJP,540306
Eluru,Andhra Pradesh,Maganti Venkateswara Rao (Babu),TDP,623471
Machilipatnam,Andhra Pradesh,Konakalla Narayana Rao,TDP,587280
Vijayawada,Andhra Pradesh,Kesineni Srinivas,TDP,592696
Guntur,Andhra Pradesh,Jayadev Galla,TDP,618417
Narasaraopet,Andhra Pradesh,Sambasiva Rao Rayapati,TDP,632464
Bapatla,Andhra Pradesh,Malyadri Sriram,TDP,578145
Ongole,Andhra Pradesh,Y. V. Subba Reddy,YSRC,589960
Nandyal,Andhra Pradesh,S.P.Y Reddy,YSRC,622411
Kurnool,Andhra Pradesh,Butta Renuka,YSRC,472782
Anantapur,Andhra Pradesh,J.C. Divakar Reddi,TDP,606509
Hindupur,Andhra Pradesh,Kristappa Nimmala,TDP,604291
Kadapa,Andhra Pradesh,Y.S. Avinash Reddy,YSRC,671983
Nellore,Andhra Pradesh,Mekapati Rajamohan Reddy,YSRC,576396
Tirupati,Andhra Pradesh,Varaprasad Rao Velagapalli,YSRC,580376
Rajampet,Andhra Pradesh,P. V. Midhun Reddy,YSRC,601752
Chittoor,Andhra Pradesh,Naramalli Sivaprasad,TDP,594862
Arunachal West,Arunachal Pradesh,Kiren Rijiju,BJP,169367
Arunachal East,Arunachal Pradesh,Ninong Ering,INC,118455
Karimganj,Assam,Radheshyam Biswas,AUDF,362866
Silchar,Assam,Sushmita Dev,INC,336451
Autonomous District,Assam,Biren Singh Engti,INC,213152
Dhubri,Assam,Badruddin Ajmal,AUDF,592569
Kokrajhar,Assam,Naba Kumar Sarania (Hira),IND,634428
Barpeta,Assam,Siraj Uddin Ajmal,AUDF,394702
Gauhati,Assam,Smt. Bijoya Chakraborty,BJP,764985
Mangaldoi,Assam,Ramen Deka,BJP,486357
Tezpur,Assam,Ram Prasad Sarmah,BJP,446511
Nawgong,Assam,Rajen Gohain,BJP,494146
Kaliabor,Assam,Gourav Gogoi,INC,443315
Jorhat,Assam,Kamakhya Prasad Tasa,BJP,456420
Dibrugarh,Assam,Rameswar Teli,BJP,494364
Lakhimpur,Assam,Sarbananda Sonowal,BJP,612543
Valmiki Nagar,Bihar,Satish Chandra Dubey,BJP,364011
Paschim Champaran,Bihar,Dr. Sanjay Jaiswal,BJP,371232
Purvi Champaran,Bihar,Radha Mohan Singh,BJP,400452
Sheohar,Bihar,Rama Devi,BJP,372506
Sitamarhi,Bihar,Ram Kumar Sharma,RLSP,411265
Madhubani,Bihar,Hukm Deo Narayan Yadav,BJP,358040
Jhanjharpur,Bihar,Birendra Kumar Chaudhary,BJP,335481
Supaul,Bihar,Ranjeet Ranjan,INC,332927
Araria,Bihar,Tasleem Uddin,RJD,407978
Kishanganj,Bihar,Mohammad Asrarul Haque,INC,493461
Katihar,Bihar,Tariq Anwar,NCP,431292
Purnia,Bihar,Santosh Kumar,JD(U),418826
Madhepura,Bihar,Rajesh Ranjan (Pappu Yadav),RJD,368937
Darbhanga,Bihar,Kirti Azad,BJP,314949
Muzaffarpur,Bihar,Ajay Nishad,BJP,469295
Vaishali,Bihar,Rama Kishore Singh,LJP,305450
Gopalganj,Bihar,Janak Ram,BJP,478773
Siwan,Bihar,Om Prakash Yadav,BJP,372670
Maharajganj,Bihar,Janardan Singh (Sigriwal),BJP,320753
Saran,Bihar,Rajiv Pratap Rudy,BJP,355120
Hajipur,Bihar,Ramvilas Paswan,LJP,455652
Ujiarpur,Bihar,Nityanand Rai,BJP,317352
Samastipur,Bihar,Ram Chandra Paswan,LJP,270401
Begusarai,Bihar,Bhola Singh,BJP,428227
Khagaria,Bihar,Choudhary Mahboob Ali Kaiser,LJP,313806
Bhagalpur,Bihar,Shailesh Kumar Urph Bulo Mandal,RJD,367623
Banka,Bihar,Jai Prakash Narayan Yadav,RJD,285150
Munger,Bihar,Veena Devi,LJP,352911
Nalanda,Bihar,Kaushlendra Kumar,JD(U),321982
Patna Sahib,Bihar,Shatrughana Sinha,BJP,485905
Pataliputra,Bihar,Ram Kripal Yadav,BJP,383262
Arrah,Bihar,Raj Kumar Singh,BJP,391074
Buxar,Bihar,Ashwini Kumar Choubey,BJP,319012
Sasaram,Bihar,Chhedi Paswan,BJP,366087
Karakat,Bihar,Upendra Kushwaha,RLSP,338892
Jahanabad,Bihar,Dr. Arun Kumar,RLSP,322647
Aurangabad,Bihar,Sushil Kumar Singh,BJP,307941
Gaya,Bihar,Hari Manjhi,BJP,326230
Nawada,Bihar,Giriraj Singh,BJP,390248
Jamui,Bihar,Chirag Kumar Paswan,LJP,285354
Chandigarh,Chandigarh,Smt. Kirron Kher Anupam,BJP,191362
Surguja,Chhattisgarh,Kamalbhan Singh Marabi,BJP,585336
Raigarh,Chhattisgarh,Vishnu Deo Sai,BJP,662478
Janjgir-Champa,Chhattisgarh,Smt. Kamla Patle,BJP,518909
Korba,Chhattisgarh,Dr. Banshilal Mahto,BJP,439002
Bilaspur,Chhattisgarh,Lakhan Lal Sahu,BJP,561387
Rajnandgaon,Chhattisgarh,Abhishek Singh,BJP,643473
Durg,Chhattisgarh,Tamradhwaj Sahu,INC,570687
Raipur,Chhattisgarh,Ramesh Bais,BJP,654922
Mahasamund,Chhattisgarh,Chandu Lal Sahu (Chandu Bhaiya),BJP,503514
Bastar,Chhattisgarh,Dinesh Kashyap,BJP,385829
Kanker,Chhattisgarh,Vikram Dev Usendi,BJP,465215
Dadra And Nagar Haveli,Dadra and Nagar Haveli,Patel Natubhai Gomanbhai,BJP,80790
Daman And Diu,Daman and Diu,Patel Lalubhai Babubhai,BJP,46960
Chandni Chowk,Delhi,Dr. Harsh Vardhan,BJP,437938
North East Delhi,Delhi,Manoj Tiwari,BJP,596125
East Delhi,Delhi,Maheish Girri,BJP,572202
New Delhi,Delhi,Smt. Meenakshi Lekhi,BJP,453350
North West Delhi,Delhi,Udit Raj,BJP,629860
West Delhi,Delhi,Parvesh Sahib Singh Verma,BJP,651395
South Delhi,Delhi,Ramesh Bidhuri,BJP,497980
North Goa,Goa,Shripad Yesso Naik,BJP,237903
South Goa,Goa,Adv. Narendra Keshav Sawaikar,BJP,198776
Kutch,Gujarat,Chavda Vinod Lakhamashi,BJP,562855
Banaskantha,Gujarat,Chaudhary Haribhai Parthibhai,BJP,507856
Patan,Gujarat,Liladharbhai Khodaji Vaghela,BJP,518538
Mehsana,Gujarat,Patel Jayshreeben Kanubhai,BJP,580250
Sabarkantha,Gujarat,Rathod Dipsinh Shankarsinh,BJP,552205
Gandhinagar,Gujarat,L.K.Advani,BJP,773539
Ahmedabad East,Gujarat,Paresh Rawal,BJP,633582
Ahmedabad West,Gujarat,Dr. Kirit P Solanki,BJP,617104
Surendranagar,Gujarat,Fatepara Devajibhai Govindbhai,BJP,529003
Rajkot,Gujarat,Kundariya Mohanbhai Kalyanjibhai,BJP,621524
Porbandar,Gujarat,Radadiya Vithalbhai Hansrajbhai,BJP,508437
Jamnagar,Gujarat,Poonamben Hematbhai Maadam,BJP,484412
Junagadh,Gujarat,Chudasama Rajeshbhai Naranbhai,BJP,513179
Amreli,Gujarat,Kachhadiya Naranbhai Bhikhabhai,BJP,436715
Bhavnagar,Gujarat,Dr. Bharatiben Dhirubhai Shiyal,BJP,549529
Anand,Gujarat,Dilip Patel,BJP,490829
Kheda,Gujarat,Chauhan Devusinh Jesingbhai (Chauhan Devusinh),BJP,568235
Panchmahal,Gujarat,Chauhan Prabhatsinh Pratapsinh,BJP,508274
Dahod,Gujarat,Jasvantsinh Sumanbhai Bhabhor,BJP,511111
Vadodara,Gujarat,Ranjanaben Dhananjay Bhatt,BJP,526763
Chhota Udaipur,Gujarat,Ramsinh Rathwa,BJP,607916
Bharuch,Gujarat,Vasava Mansukhbhai Dhanjibhai,BJP,548902
Bardoli,Gujarat,Vasava Parbhubhai Nagarbhai,BJP,622769
Surat,Gujarat,Jardosh Darshnaben Vikrambhai,BJP,718412
Navsari,Gujarat,C. R. Patil,BJP,820831
Valsad,Gujarat,Dr. K.C.Patel,BJP,617772
Ambala,Haryana,Rattan Lal Kataria,BJP,612121
Kurukshetra,Haryana,Raj Kumar Saini,BJP,418112
Sirsa,Haryana,Charanjeet Singh Rori,INLD,506370
Hisar,Haryana,Dushyant Chautala,INLD,494478
Karnal,Haryana,Ashwini Kumar,BJP,594817
Sonipat,Haryana,Ramesh Chander,BJP,347203
Rohtak,Haryana,Deepender Singh Hooda,INC,490063
Bhiwani-Mahendragarh,Haryana,Dharambir S/O Bhale Ram,BJP,404542
Gurgaon,Haryana,Inderjit Singh Rao,BJP,644780
Faridabad,Haryana,Krishan Pal,BJP,652516
Kangra,Himachal Pradesh,Shanta Kumar,BJP,456163
Mandi,Himachal Pradesh,Ram Swaroop Sharma,BJP,362824
Hamirpur,Himachal Pradesh,Anurag Singh Thakur,BJP,448035
Shimla,Himachal Pradesh,Virender Kashyap,BJP,385973
Baramulla,Jammu and Kashmir,Muzaffar Hussain Baig,PDP,175277
Srinagar,Jammu and Kashmir,Tariq Hameed Karra,PDP,157923
Anantnag,Jammu and Kashmir,Mehbooba Mufti,PDP,200429
Ladakh,Jammu and Kashmir,Thupstan Chhewang,BJP,31111
Udhampur,Jammu and Kashmir,Dr. Jitendra Singh,BJP,487369
Jammu,Jammu and Kashmir,Jugal Kishore,BJP,619995
Rajmahal,Jharkhand,Vijay Kumar Hansdak,JMM,379507
Dumka,Jharkhand,Shibu Soren,JMM,335815
Godda,Jharkhand,Nishikant Dubey,BJP,380500
Chatra,Jharkhand,Sunil Kumar Singh,BJP,295862
Kodarma,Jharkhand,Ravindra Kr. Ray,BJP,365410
Giridih,Jharkhand,Ravindra Kumar Pandey,BJP,391913
Dhanbad,Jharkhand,Pashupati Nath Singh,BJP,543491
Ranchi,Jharkhand,Ram Tahal Choudhary,BJP,448729
Jamshedpur,Jharkhand,Bidyut Baran Mahato,BJP,464153
Singhbhum,Jharkhand,Laxman Giluwa,BJP,303131
Khunti,Jharkhand,Karia Munda,BJP,269185
Lohardaga,Jharkhand,Sudarshan Bhagat,BJP,226666
Palamu,Jharkhand,Vishnu Dayal Ram,BJP,476513
Hazaribagh,Jharkhand,Jayant Sinha,BJP,406931
Chikkodi,Karnataka,Prakash Babanna Hukkeri,INC,474373
Belgaum,Karnataka,Angadi Suresh Channabasappa,BJP,554417
Bagalkot,Karnataka,Gaddigoudar Parvtagouda Chandanagouda,BJP,571548
Bijapur,Karnataka,Ramesh Jigajinagi,BJP,471757
Gulbarga,Karnataka,Mallikarjun Kharge,INC,507193
Raichur,Karnataka,B.V.Nayak,INC,443659
Bidar,Karnataka,Bhagwanth Khuba,BJP,459290
Koppal,Karnataka,Karadi Sanganna Amarappa,BJP,486383
Bellary,Karnataka,B. Sreeramulu,BJP,534406
Haveri,Karnataka,Udasi Shivakumar Channabasappa,BJP,566790
Dharwad,Karnataka,Pralhad Joshi,BJP,545395
Uttara Kannada,Karnataka,Anantkumar Hegde,BJP,546939
Davanagere,Karnataka,G M Siddeshwara,BJP,518894
Shimoga,Karnataka,B. S. Yeddyurappa,BJP,606216
Udupi Chikmagalur,Karnataka,Shobha Karandlaje,BJP,581168
Hassan,Karnataka,H.D. Devegowda,JD(S),509841
Dakshina Kannada,Karnataka,Nalin Kumar Kateel,BJP,642739
Chitradurga,Karnataka,B.N.Chandrappa,INC,467511
Tumkur,Karnataka,Muddahanumegowda.S.P.,INC,429868
Mandya,Karnataka,C.S.Puttaraju,JD(S),524370
Mysore,Karnataka,Prathap Simha,BJP,503908
Chamarajanagar,Karnataka,R. Dhruvanarayana,INC,567782
Bangalore Rural,Karnataka,D K Suresh,INC,652723
Bangalore North,Karnataka,D.V Sadananda Gowda,BJP,718326
Bangalore Central,Karnataka,P.C. Mohan,BJP,557130
Bangalore South,Karnataka,Ananth Kumar,BJP,633816
Chikkaballapur,Karnataka,M Veerappa Moily,INC,424800
Kolar,Karnataka,K.H.Muniyappa,INC,418926
Kasaragod,Kerala,P Karunakaran,CPM,384964
Kannur,Kerala,P K Sreemathi Teacher,CPM,427622
Vatakara,Kerala,Mullappally Ramachandran,INC,416479
Wayanad,Kerala,M I Shanavas,INC,377035
Kozhikode,Kerala,M .K Raghavan,INC,397615
Malappuram,Kerala,E. Ahamed,IUML,437723
Ponnani,Kerala,E. T. Mohammed Basheer,IUML,378503
Palakkad,Kerala,M B Rajesh,CPM,412897
Alathur,Kerala,P.K.Biju,CPM,411808
Thrissur,Kerala,C. N. Jayadevan,CPI,389209
Chalakudy,Kerala,Innocent,IND,358440
Ernakulam,Kerala,Prof. K.V. Thomas,INC,353841
Idukki,Kerala,Adv.Joice George,IND,382019
Kottayam,Kerala,Jose K. Mani,KC(M),424194
Alappuzha,Kerala,K C Venugopal,INC,462525
Mavelikkara,Kerala,Kodikunnil Suresh,INC,402432
Pathanamthitta,Kerala,Anto Antony,INC,358842
Kollam,Kerala,N.K.Premachandran,RSP,408528
Attingal,Kerala,Dr.A .Sampath,CPM,392478
Thiruvananthapuram,Kerala,Dr. Shashi Tharoor,INC,297806
Lakshadweep,Lakshadweep,Mohammed Faizal P.P.,NCP,21665
Morena,Madhya Pradesh,Anoop Mishra,BJP,375567
Bhind,Madhya Pradesh,Dr. Bhagirath Prasad,BJP,404474
Gwalior,Madhya Pradesh,Narendra Singh Tomar,BJP,442796
Guna,Madhya Pradesh,Jyotiraditya M Scindia,INC,517036
Sagar,Madhya Pradesh,Laxmi Narayan Yadav,BJP,482580
Tikamgarh,Madhya Pradesh,Dr. Virendra Kumar,BJP,422979
Damoh,Madhya Pradesh,Prahalad Singh Patel,BJP,513079
Khajuraho,Madhya Pradesh,Nagendra Singh,BJP,474966
Satna,Madhya Pradesh,Ganesh Singh,BJP,375288
Rewa,Madhya Pradesh,Janardan Mishra,BJP,383320
Sidhi,Madhya Pradesh,Riti Pathak,BJP,475678
Shahdol,Madhya Pradesh,Dalpat Singh Paraste,BJP,525419
Jabalpur,Madhya Pradesh,Rakesh Singh,BJP,564609
Mandla,Madhya Pradesh,Faggan Singh Kulaste,BJP,585720
Balaghat,Madhya Pradesh,Bodhsingh Bhagat,BJP,480594
Chhindwara,Madhya Pradesh,Kamal Nath,INC,559755
Hoshangabad,Madhya Pradesh,Uday Pratap Singh,BJP,669128
Vidisha,Madhya Pradesh,Sushma Swaraj,BJP,714348
Bhopal,Madhya Pradesh,Alok Sanjar,BJP,714178
Rajgarh,Madhya Pradesh,Rodmal Nagar,BJP,596727
Dewas,Madhya Pradesh,Manohar Untwal,BJP,665646
Ujjain,Madhya Pradesh,Prof. Chintamani Malviya,BJP,641101
Mandsaur,Madhya Pradesh,Sudhir Gupta,BJP,698335
Ratlam,Madhya Pradesh,Dileepsingh Bhuria,BJP,545970
Dhar,Madhya Pradesh,Savitri Thakur,BJP,558387
Indore,Madhya Pradesh,Sumitra Mahajan (Tai),BJP,854972
Khargone,Madhya Pradesh,Subhash Patel,BJP,649354
Khandwa,Madhya Pradesh,Nandkumar Singh Chouhan (Nandu Bhaiya),BJP,717357
Betul,Madhya Pradesh,Jyoti Dhurve,BJP,643651
Nandurbar,Maharashtra,Dr.Gavit Heena Vaijaykumar,BJP,579486
Dhule,Maharashtra,Dr. Bhamre Subhash Ramrao,BJP,529450
Jalgaon,Maharashtra,A.T. Nana Patil,BJP,647773
Raver,Maharashtra,Khadase Raksha Nikhil,BJP,605452
Buldhana,Maharashtra,Jadhav Prataprao Ganpatrao,SHS,509145
Akola,Maharashtra,Dhotre Sanjay Shamrao,BJP,456472
Amravati,Maharashtra,Adsul Anandrao Vithoba,SHS,467212
Wardha,Maharashtra,Ramdas Chandrabhanji Tadas,BJP,537518
Ramtek,Maharashtra,Krupal Balaji Tumane,SHS,519892
Nagpur,Maharashtra,Gadkari Nitin Jairam,BJP,587767
Bhandara-Gondiya,Maharashtra,Nanabhau Falgunrao Patole,BJP,606129
Gadchiroli-Chimur,Maharashtra,Ashok Mahadeorao Nete,BJP,535982
Chandrapur,Maharashtra,Ahir Hansraj Gangaram,BJP,508049
Yavatmal-Washim,Maharashtra,Gawali Bhavana Pundlikrao,SHS,477905
Hingoli,Maharashtra,Rajeev Shankarrao Satav,INC,467397
Nanded,Maharashtra,Ashok Shankarrao Chavan,INC,493075
Parbhani,Maharashtra,Jadhav Sanjay (Bandu) Haribhau,SHS,578455
Jalna,Maharashtra,Danve Raosaheb Dadarao,BJP,591428
Aurangabad,Maharashtra,Chandrakant Bhaurao Khaire,SHS,520902
Dindori,Maharashtra,Chavan Harishchandra Deoram,BJP,542784
Nashik,Maharashtra,Godse Hemant Tukaram,SHS,494735
Palghar,Maharashtra,Adv. Chintaman Navasha Wanga,BJP,533201
Bhiwandi,Maharashtra,Kapil Moreshwar Patil,BJP,411070
Kalyan,Maharashtra,Dr.Shrikant Eknath Shinde,SHS,440892
Thane,Maharashtra,Vichare Rajan Baburao,SHS,595364
Mumbai-North,Maharashtra,Gopal Chinayya Shetty,BJP,664004
Mumbai-North-West,Maharashtra,Gajanan Chandrakant Kirtikar,SHS,464820
Mumbai-North-East,Maharashtra,Kirit Somaiya,BJP,525285
Mumbai-North-Central,Maharashtra,Poonam Mahajan Alias Poonam Vajendla Rao,BJP,478535
Mumbai-South-Central,Maharashtra,Rahul Ramesh Shewale,SHS,381275
Mumbai-South,Maharashtra,Arvind Sawant,SHS,374780
Raigad,Maharashtra,Anant Geete,SHS,396178
Maval,Maharashtra,Appa Alias Shrirang Chandu Barne,SHS,512226
Pune,Maharashtra,Anil Shirole,BJP,569825
Baramati,Maharashtra,Supriya Sule,NCP,521562
Shirur,Maharashtra,Adhalrao Shivaji Dattatrey,SHS,643415
Ahmednagar,Maharashtra,Gandhi Dilipkumar Mansukhlal,BJP,605185
Shirdi,Maharashtra,Lokhande Sadashiv Kisan,SHS,532936
Beed,Maharashtra,Pritam Munde,BJP,922416
Osmanabad,Maharashtra,Gaikwad Ravindra Vishwanath,SHS,607699
Latur,Maharashtra,Dr. Sunil Baliram Gaikwad,BJP,616509
Solapur,Maharashtra,Sharad Bansode,BJP,517879
Madha,Maharashtra,Mohite Patil Vijaysinh Shankarrao,NCP,489989
Sangli,Maharashtra,Sanjaykaka Patil,BJP,611563
Satara,Maharashtra,Shrimant Chh. Udayanraje Pratapsinha Bhonsale,NCP,522531
Ratnagiri-Sindhudurg,Maharashtra,Vinayak Bhaurao Raut,SHS,493088
Kolhapur,Maharashtra,Dhananjay Bhimrao Mahadik,NCP,607665
Hatkanangle,Maharashtra,Raju Shetty,SWP,640428
Inner Manipur,Manipur,Dr. Thokchom Meinya,INC,292102
Outer Manipur,Manipur,Thangso Baite,INC,296770
Shillong,Meghalaya,Vincent H. Pala,INC,209340
Tura,Meghalaya,Purno Agitok Sangma,NPP,239301
Mizoram,Mizoram,C. L. Ruala,INC,210485
Nagaland,Nagaland,Neiphiu Rio,NPF,713372
Bargarh,Odisha,Prabhas Kumar Singh,BJD,383230
Sundargarh,Odisha,Jual (Juel Oram),BJP,340508
Sambalpur,Odisha,Nagendra Kumar Pradhan,BJD,358618
Keonjhar,Odisha,Sakuntala Laguri,BJD,434471
Mayurbhanj,Odisha,Rama Chandra Hansdah,BJD,393779
Balasore,Odisha,Rabindra Kumar Jena,BJD,433768
Bhadrak,Odisha,Arjun Charan Sethi,BJD,502338
Jajpur,Odisha,Rita Tarai,BJD,541349
Dhenkanal,Odisha,Tathagata Satpathy,BJD,453277
Bolangir,Odisha,Kalikesh Narayan Singh Deo,BJD,453519
Kalahandi,Odisha,Arka Keshari Deo,BJD,370871
Nabarangpur,Odisha,Balabhadra Majhi,BJD,373887
Kandhamal,Odisha,Pratyusha Rajeshwari Singh,BJD,477529
Cuttack,Odisha,Bhartruhari Mahatab,BJD,526085
Kendrapara,Odisha,Baijayant Panda,BJD,601574
Jagatsinghpur,Odisha,Kulamani Samal,BJD,624492
Puri,Odisha,Pinaki Misra,BJD,523161
Bhubaneswar,Odisha,Prasanna Kumar Patasani,BJD,439252
Aska,Odisha,Ladu Kishore Swain,BJD,541473
Berhampur,Odisha,Sidhant Mohapatra,BJD,398107
Koraput,Odisha,Jhina Hikaka,BJD,395109
Puducherry,Puducherry,R. Radhakrishnan,AINRC,255826
Gurdaspur,Punjab,Vinod Khanna,BJP,482255
Amritsar,Punjab,Captain Amarinder Singh,INC,482876
Khadoor Sahib,Punjab,Ranjit Singh Brahmpura,SAD,467332
Jalandhar,Punjab,Santokh Singh Chaudhary,INC,380479
Hoshiarpur,Punjab,Vijay Sampla,BJP,346643
Anandpur Sahib,Punjab,Prem Singh Chandumajra,SAD,347394
Ludhiana,Punjab,Ravneet Singh Bittu,INC,300459
Fatehgarh Sahib,Punjab,Harinder Singh Khalsa,AAP,367293
Faridkot,Punjab,Prof. Sadhu Singh,AAP,450751
Ferozpur,Punjab,Sher Singh Ghubaya,SAD,487932
Bathinda,Punjab,Harsimrat Kaur Badal,SAD,514727
Sangrur,Punjab,Bhagwant Mann,AAP,533237
Patiala,Punjab,Dr. Dharam Vira Gandhi,AAP,365671
Ganganagar,Rajasthan,Nihalchand,BJP,658130
Bikaner,Rajasthan,Arjun Ram Meghwal,BJP,584932
Churu,Rajasthan,Rahul Kaswan,BJP,595756
Jhunjhunu,Rajasthan,Santosh Ahlawat,BJP,488182
Sikar,Rajasthan,Sumedhanand Saraswati,BJP,499428
Jaipur Rural,Rajasthan,Rajyavardhan Singh Rathore,BJP,632930
Jaipur,Rajasthan,Ramcharan Bohara,BJP,863358
Alwar,Rajasthan,Chand Nath,BJP,642278
Bharatpur,Rajasthan,Bahadur Singh,BJP,579825
Karauli-Dholpur,Rajasthan,Manoj Rajoria,BJP,402407
Dausa,Rajasthan,Harish Chandra Meena,BJP,315059
Tonk-Sawai Madhopur,Rajasthan,Sukhbir Singh Jaunapuria,BJP,548179
Ajmer,Rajasthan,Sanwar Lal Jat,BJP,637874
Nagaur,Rajasthan,C R Choudhary,BJP,414791
Pali,Rajasthan,P P Choudhary,BJP,711772
Jodhpur,Rajasthan,Gajendrasingh Shekhawat,BJP,713515
Barmer,Rajasthan,Col. Sona Ram,BJP,488747
Jalore,Rajasthan,Devji Patel,BJP,580508
Udaipur,Rajasthan,Arjunlal Meena,BJP,660373
Banswara,Rajasthan,Manshankar Ninama,BJP,577433
Chittorgarh,Rajasthan,Chandra Prakash Joshi,BJP,703236
Rajsamand,Rajasthan,Hariom Singh Rathore,BJP,644794
Bhilwara,Rajasthan,Subhash Baheria,BJP,630317
Kota,Rajasthan,Om Birla,BJP,644822
Jhalawar-Baran,Rajasthan,Dushyant Singh,BJP,676102
Sikkim,Sikkim,Prem Das Rai,SDF,163698
Tiruvallur,Tamil Nadu,Venugopal.P.(Dr),AIADMK,628499
Chennai North,Tamil Nadu,Venkatesh Babu .T.G,AIADMK,406704
Chennai South,Tamil Nadu,Dr. J. Jayavardhan,AIADMK,438404
Chennai Central,Tamil Nadu,S.R. Vijayakumar,AIADMK,333296
Sriperumbudur,Tamil Nadu,"Ramachandran, K.N. Thiru",AIADMK,545820
Kancheepuram,Tamil Nadu,Maragatham K,AIADMK,499395
Arakkonam,Tamil Nadu,"Hari, G.",AIADMK,493534
Vellore,Tamil Nadu,"Senguttuvan, B.",AIADMK,383719
Krishnagiri,Tamil Nadu,Ashok Kumar.K,AIADMK,480491
Dharmapuri,Tamil Nadu,Anbumani Ramadoss,PMK,468194
Tiruvannamalai,Tamil Nadu,Vanaroja R,AIADMK,500751
Arani,Tamil Nadu,V.Elumalai,AIADMK,502721
Viluppuram,Tamil Nadu,Rajendran S,AIADMK,482704
Kallakurichi,Tamil Nadu,Kamaraj. K,AIADMK,533383
Salem,Tamil Nadu,Pannerselvam.V,AIADMK,556546
Namakkal,Tamil Nadu,Sundaram P.R,AIADMK,563272
Erode,Tamil Nadu,Selvakumara Chinnayan S,AIADMK,466995
Tiruppur,Tamil Nadu,V.Sathyabama,AIADMK,442778
Nilgiris,Tamil Nadu,"Gopalakrishnan, C.",AIADMK,463700
Coimbatore,Tamil Nadu,"Nagarajan, P.",AIADMK,431717
Pollachi,Tamil Nadu,Mahendran.C,AIADMK,417092
Dindigul,Tamil Nadu,Udhaya Kumar .M,AIADMK,510462
Karur,Tamil Nadu,"Thambidurai,M.",AIADMK,540722
Tiruchirappalli,Tamil Nadu,Kumar.P,AIADMK,458478
Perambalur,Tamil Nadu,"Marutharajaa, R.P.",AIADMK,462693
Cuddalore,Tamil Nadu,Arunmozhithevan.A,AIADMK,481429
Chidambaram,Tamil Nadu,"Chandrakasi, M",AIADMK,429536
Mayiladuthurai,Tamil Nadu,Bharathi Mohan R.K,AIADMK,513729
Nagapattinam,Tamil Nadu,Gopal. Dr. K,AIADMK,434174
Thanjavur,Tamil Nadu,Parasuraman.K,AIADMK,510307
Sivaganga,Tamil Nadu,Senthilnathan Pr,AIADMK,475993
Madurai,Tamil Nadu,R.Gopalakrishnan,AIADMK,454167
Theni,Tamil Nadu,"Parthipan, R.",AIADMK,571254
Virudhunagar,Tamil Nadu,Radhakrishnan T,AIADMK,406694
Ramanathapuram,Tamil Nadu,Anwhar Raajhaa.A,AIADMK,405945
Thoothukkudi,Tamil Nadu,Jeyasingh Thiyagaraj Natterjee.J,AIADMK,366052
Tenkasi,Tamil Nadu,Vasanthi.M,AIADMK,424586
Tirunelveli,Tamil Nadu,Prabakaran.K.R.P,AIADMK,398139
Kanniyakumari,Tamil Nadu,Radhakrishnan P.,BJP,372906
Adilabad,Telangana,Godam Nagesh,TRS,430847
Peddapalli,Telangana,Balka Suman,TRS,565496
Karimnagar,Telangana,Vinod Kumar Boinapally,TRS,505783
Nizamabad,Telangana,Kalvakuntla Kavitha,TRS,439307
Zahirabad,Telangana,B.B. Patil,TRS,508661
Medak,Telangana,Kotha Prabhakar Reddy,TRS,571800
Malkajgiri,Telangana,Ch.Malla Reddy,TDP,523336
Secunderabad,Telangana,Bandaru Dattatreya,BJP,438271
Hyderabad,Telangana,Asaduddin Owaisi,AIMIM,513868
Chelvella,Telangana,Konda Vishweshwar Reddy,TRS,435077
Mahabubnagar,Telangana,Ap Jithender Reddy,TRS,334228
Nagarkurnool,Telangana,Yellaiah Nandi,INC,420075
Nalgonda,Telangana,Gutha Sukhender Reddy,INC,472093
Bhongir,Telangana,Dr. Boora Narsaiah Goud,TRS,448245
Warangal,Telangana,Kadiyam Srihari,TRS,661639
Mahabubabad,Telangana,Prof. Azmeera Seetaram Naik,TRS,320569
Khammam,Telangana,Ponguleti Srinivasa Reddy,YSRC,421957
Tripura West,Tripura,Sankar Prasad Datta,CPM,671665
Tripura East,Tripura,Jitendera Choudhury,CPM,623771
Saharanpur,Uttar Pradesh,Raghav Lakhanpal,BJP,472999
Kairana,Uttar Pradesh,Hukum Singh,BJP,565909
Muzaffarnagar,Uttar Pradesh,(Dr.) Sanjeev Kumar Balyan,BJP,653391
Bijnor,Uttar Pradesh,Kunwar Bhartendra,BJP,486913
Nagina,Uttar Pradesh,Yashwant Singh,BJP,367825
Moradabad,Uttar Pradesh,Kunwer Sarvesh Kumar,BJP,485224
Rampur,Uttar Pradesh,Dr. Nepal Singh,BJP,358616
Sambhal,Uttar Pradesh,Satyapal Singh,BJP,360242
Amroha,Uttar Pradesh,Kanwar Singh Tanwar,BJP,528880
Meerut,Uttar Pradesh,Rajendra Agarwal,BJP,532981
Baghpat,Uttar Pradesh,Dr. Satya Pal Singh,BJP,423475
Ghaziabad,Uttar Pradesh,Vijay Kumar Singh,BJP,758482
Gautam Buddha Nagar,Uttar Pradesh,Dr.Mahesh Sharma,BJP,599702
Bulandshahr,Uttar Pradesh,Bhola Singh,BJP,604449
Aligarh,Uttar Pradesh,Satish Kumar,BJP,514622
Hathras,Uttar Pradesh,Rajesh Kumar Diwaker,BJP,544277
Mathura,Uttar Pradesh,Hema Malini Dharmendra,BJP,574633
Agra,Uttar Pradesh,Dr. Ram Shankar Katheria,BJP,583716
Fatehpur Sikri,Uttar Pradesh,Babulal,BJP,426589
Firozabad,Uttar Pradesh,Akshay Yadav,SP,534583
Mainpuri,Uttar Pradesh,Tej Pratap Singh Yadav,SP,653686
Etah,Uttar Pradesh,Rajveer Singh (Raju Bhaiya),BJP,474978
Badaun,Uttar Pradesh,Dharmendra Yadav,SP,498378
Aonla,Uttar Pradesh,Dharmendra Kumar,BJP,409907
Bareilly,Uttar Pradesh,Santosh Kumar Gangwar,BJP,518258
Pilibhit,Uttar Pradesh,Maneka Sanjay Gandhi,BJP,546934
Shahjahanpur,Uttar Pradesh,Krishna Raj,BJP,525132
Kheri,Uttar Pradesh,Ajay Kumar,BJP,398578
Dhaurahra,Uttar Pradesh,Rekha,BJP,360357
Sitapur,Uttar Pradesh,Rajesh Verma,BJP,417546
Hardoi,Uttar Pradesh,Anshul Verma,BJP,360501
Misrikh,Uttar Pradesh,Anju Bala,BJP,412575
Unnao,Uttar Pradesh,Swami Sachchidanand Hari Sakshi,BJP,518834
Mohanlalganj,Uttar Pradesh,Kaushal Kishore,BJP,455274
Lucknow,Uttar Pradesh,Raj Nath Singh,BJP,561106
Rae Bareli,Uttar Pradesh,Sonia Gandhi,INC,526434
Amethi,Uttar Pradesh,Rahul Gandhi,INC,408651
Sultanpur,Uttar Pradesh,Feroze Varun Gandhi,BJP,410348
Pratapgarh,Uttar Pradesh,Kuwar Harivansh Singh,AD,375789
Farrukhabad,Uttar Pradesh,Mukesh Rajput,BJP,406195
Etawah,Uttar Pradesh,Ashok Kumar Doharey,BJP,439646
Kannauj,Uttar Pradesh,Dimple Yadav,SP,489164
Kanpur,Uttar Pradesh,Dr.Murli Manohar Joshi,BJP,474712
Akbarpur,Uttar Pradesh,Devendra Singh (Bhole Singh),BJP,481584
Jalaun,Uttar Pradesh,Bhanu Pratap Singh Verma,BJP,548631
Jhansi,Uttar Pradesh,Uma Bharti,BJP,575889
Hamirpur,Uttar Pradesh,Kunwar Pushpendra Singh Chandel,BJP,453884
Banda,Uttar Pradesh,Bhairon Prasad Mishra,BJP,342066
Fatehpur,Uttar Pradesh,Sadhavi Niranjan Jyoti,BJP,485994
Kaushambi,Uttar Pradesh,Vinod Kumar Sonkar,BJP,331593
Phulpur,Uttar Pradesh,Keshav Prasad Maurya,BJP,503564
Allahabad,Uttar Pradesh,Shyama Charan Gupta,BJP,313772
Barabanki,Uttar Pradesh,Priyanka Singh Rawat,BJP,454214
Faizabad,Uttar Pradesh,Lallu Singh,BJP,491761
Ambedkar Nagar,Uttar Pradesh,Hari Om Pandey,BJP,432104
Bahraich,Uttar Pradesh,Sadhvi Savitri Bai Foole,BJP,432392
Kaiserganj,Uttar Pradesh,Brij Bhusan Sharan Singh,BJP,381500
Shravasti,Uttar Pradesh,Daddan Mishra,BJP,345964
Gonda,Uttar Pradesh,Kirti Vardhan Singh,BJP,359643
Domariyaganj,Uttar Pradesh,Jagdambika Pal,BJP,298845
Basti,Uttar Pradesh,Harish Chandra Alias Harish Dwivedi,BJP,357680
Sant Kabir Nagar,Uttar Pradesh,Sharad Tripathi,BJP,348892
Maharajganj,Uttar Pradesh,Pankaj,BJP,471542
Gorakhpur,Uttar Pradesh,Adityanath,BJP,539127
Kushi Nagar,Uttar Pradesh,Rajesh Pandey Urf Guddu,BJP,370051
Deoria,Uttar Pradesh,Kalraj Mishra,BJP,496500
Bansgaon,Uttar Pradesh,Kamlesh Paswan,BJP,417959
Lalganj,Uttar Pradesh,Neelam Sonkar,BJP,324016
Azamgarh,Uttar Pradesh,Mulayam Singh Yadav,SP,340306
Ghosi,Uttar Pradesh,Harinarayan Rajbhar,BJP,379797
Salempur,Uttar Pradesh,Ravindra Kushawaha,BJP,392213
Ballia,Uttar Pradesh,Bharat Singh,BJP,359758
Jaunpur,Uttar Pradesh,Krishna Pratap (K.P.),BJP,367149
Machhlishahr,Uttar Pradesh,Ram Charitra Nishad,BJP,438210
Ghazipur,Uttar Pradesh,Manoj Sinha,BJP,306929
Chandauli,Uttar Pradesh,Dr Mahendra Nath Pandey,BJP,414135
Varanasi,Uttar Pradesh,Narendra Modi,BJP,581022
Bhadohi,Uttar Pradesh,Virendra Singh,BJP,403544
Mirzapur,Uttar Pradesh,Anupriya Singh Patel,AD,436536
Robertsganj,Uttar Pradesh,Chhotelal,BJP,378211
Tehri Garhwal,Uttarakhand,Mala Rajya Laxmi Shah,BJP,446733
Garhwal,Uttarakhand,Bhuwan Chandra Khanduri,BJP,405690
Almora,Uttarakhand,Ajay Tamta,BJP,348186
Nainitalâ€“Udhamsingh Nagar,Uttarakhand,Bhagat Singh Koshyari,BJP,636769
Haridwar,Uttarakhand,Ramesh Pokhriyal,BJP,592320
Cooch Behar,West Bengal,Renuka Sinha,AITC,526499
Alipurduars,West Bengal,Dasrath Tirkey,AITC,362453
Jalpaiguri,West Bengal,Bijoy Chandra Barman,AITC,494773
Darjeeling,West Bengal,S.S.Ahluwalia,BJP,488257
Raiganj,West Bengal,Md. Salim,CPM,317515
Balurghat,West Bengal,Arpita Ghosh,AITC,409641
Maldaha Uttar,West Bengal,Mausam Noor,INC,388609
Maldaha Dakshin,West Bengal,Abu Hasem Khan Chowdhury,INC,380291
Jangipur,West Bengal,Abhijit Mukherjee,INC,378201
Baharampur,West Bengal,Adhir Ranjan Chowdhury,INC,583549
Murshidabad,West Bengal,Badaruddoza Khan,CPM,426947
Krishnanagar,West Bengal,Tapas Paul,AITC,438789
Ranaghat,West Bengal,Tapas Mandal,AITC,590451
Bangaon,West Bengal,Mamata Thakur,AITC,539999
Barrackpore,West Bengal,Dinesh Trivedi,AITC,479206
Dum Dum,West Bengal,Saugata Roy,AITC,483244
Barasat,West Bengal,Dr. Kakali Ghoshdostidar,AITC,525387
Basirhat,West Bengal,Idris Ali,AITC,492326
Jaynagar,West Bengal,Pratima Mondal,AITC,494746
Mathurapur,West Bengal,Choudhury Mohan Jatua,AITC,627761
Diamond Harbour,West Bengal,Abhishek Banerjee,AITC,508481
Jadavpur,West Bengal,Sugata Bose,AITC,584244
Kolkata Dakshin,West Bengal,Subrata Bakshi,AITC,431715
Kolkata Uttar,West Bengal,Sudip Bandyopadhyay,AITC,343687
Howrah,West Bengal,Prasun Banerjee,AITC,488461
Uluberia,West Bengal,Sultan Ahmed,AITC,570785
Serampore,West Bengal,Kalyan Banerjee,AITC,514933
Hooghly,West Bengal,Dr. Ratna De (Nag),AITC,614312
Arambagh,West Bengal,Aparupa Poddar (Afrin Ali),AITC,748764
Tamluk,West Bengal,Adhikari Suvendu,AITC,716928
Kanthi,West Bengal,Adhikari Sisir Kumar,AITC,676749
Ghatal,West Bengal,Adhikari Deepak (Dev),AITC,685696
Jhargram,West Bengal,Uma Saren,AITC,674504
Medinipur,West Bengal,Sandhya Roy,AITC,579860
Purulia,West Bengal,Dr. Mriganka Mahato,AITC,468277
Bankura,West Bengal,Sreemati Dev Varma (Moon Moon Sen),AITC,483455
Bishnupur,West Bengal,Khan Saumitra,AITC,578870
Bardhaman Purba,West Bengal,Sunil Kumar Mondal,AITC,574660
Bardhaman-Durgapur,West Bengal,Dr. Mamtaz Sanghamita,AITC,554521
Asansol,West Bengal,Babul Supriya Baral (Babul Supriyo),BJP,419983
Bolpur,West Bengal,Anupam Hazra,AITC,630693
Birbhum,West Bengal,Satabdi Roy (Banerjee),AITC,460568
