,Name,State,Candidate,Party,Votes
1,Andaman & Nicobar Islands,Andaman and Nicobar Islands,Bishnu Pada Ray,BJP,90969
2,Araku,Andhra Pradesh,Kothapalli Geetha,YSRC,413191
3,Srikakulam,Andhra Pradesh,Rammohan Naidu Kinjarapu,TDP,556163
4,Vizianagaram,Andhra Pradesh,Ashok Gajapathi Raju Pusapati,TDP,536549
5,Visakhapatnam,Andhra Pradesh,Kambhampati Hari Babu,BJP,566832
6,Anakapalli,Andhra Pradesh,Muttamsetti Srinivasa Rao (Avanthi),TDP,568463
7,Kakinada,Andhra Pradesh,Thota Narasimham,TDP,514402
8,Amalapuram,Andhra Pradesh,Dr Pandula Ravindra Babu,TDP,594547
9,Rajahmundry,Andhra Pradesh,Murali Mohan Maganti,TDP,630573
10,Narsapuram,Andhra Pradesh,Gokaraju Ganga Raju,BJP,540306
11,Eluru,Andhra Pradesh,Maganti Venkateswara Rao (Babu),TDP,623471
12,Machilipatnam,Andhra Pradesh,Konakalla Narayana Rao,TDP,587280
13,Vijayawada,Andhra Pradesh,Kesineni Srinivas,TDP,592696
14,Guntur,Andhra Pradesh,Jayadev Galla,TDP,618417
15,Narasaraopet,Andhra Pradesh,Sambasiva Rao Rayapati,TDP,632464
16,Bapatla,Andhra Pradesh,Malyadri Sriram,TDP,578145
17,Ongole,Andhra Pradesh,Y. V. Subba Reddy,YSRC,589960
18,Nandyal,Andhra Pradesh,S.P.Y Reddy,YSRC,622411
19,Kurnool,Andhra Pradesh,Butta Renuka,YSRC,472782
20,Anantapur,Andhra Pradesh,J.C. Divakar Reddi,TDP,606509
21,Hindupur,Andhra Pradesh,Kristappa Nimmala,TDP,604291
22,Kadapa,Andhra Pradesh,Y.S. Avinash Reddy,YSRC,671983
23,Nellore,Andhra Pradesh,Mekapati Rajamohan Reddy,YSRC,576396
24,Tirupati,Andhra Pradesh,Varaprasad Rao Velagapalli,YSRC,580376
25,Rajampet,Andhra Pradesh,P. V. Midhun Reddy,YSRC,601752
26,Chittoor,Andhra Pradesh,Naramalli Sivaprasad,TDP,594862
27,Arunachal West,Arunachal Pradesh,Kiren Rijiju,BJP,169367
28,Arunachal East,Arunachal Pradesh,Ninong Ering,INC,118455
29,Karimganj,Assam,Radheshyam Biswas,AUDF,362866
30,Silchar,Assam,Sushmita Dev,INC,336451
31,Autonomous District,Assam,Biren Singh Engti,INC,213152
32,Dhubri,Assam,Badruddin Ajmal,AUDF,592569
33,Kokrajhar,Assam,Naba Kumar Sarania (Hira),IND,634428
34,Barpeta,Assam,Siraj Uddin Ajmal,AUDF,394702
35,Gauhati,Assam,Smt. Bijoya Chakraborty,BJP,764985
36,Mangaldoi,Assam,Ramen Deka,BJP,486357
37,Tezpur,Assam,Ram Prasad Sarmah,BJP,446511
38,Nawgong,Assam,Rajen Gohain,BJP,494146
39,Kaliabor,Assam,Gourav Gogoi,INC,443315
40,Jorhat,Assam,Kamakhya Prasad Tasa,BJP,456420
41,Dibrugarh,Assam,Rameswar Teli,BJP,494364
42,Lakhimpur,Assam,Sarbananda Sonowal,BJP,612543
43,Valmiki Nagar,Bihar,Satish Chandra Dubey,BJP,364011
44,Paschim Champaran,Bihar,Dr. Sanjay Jaiswal,BJP,371232
45,Purvi Champaran,Bihar,Radha Mohan Singh,BJP,400452
46,Sheohar,Bihar,Rama Devi,BJP,372506
47,Sitamarhi,Bihar,Ram Kumar Sharma,RLSP,411265
48,Madhubani,Bihar,Hukm Deo Narayan Yadav,BJP,358040
49,Jhanjharpur,Bihar,Birendra Kumar Chaudhary,BJP,335481
50,Supaul,Bihar,Ranjeet Ranjan,INC,332927
51,Araria,Bihar,Tasleem Uddin,RJD,407978
52,Kishanganj,Bihar,Mohammad Asrarul Haque,INC,493461
53,Katihar,Bihar,Tariq Anwar,NCP,431292
54,Purnia,Bihar,Santosh Kumar,JD(U),418826
55,Madhepura,Bihar,Rajesh Ranjan (Pappu Yadav),RJD,368937
56,Darbhanga,Bihar,Kirti Azad,BJP,314949
57,Muzaffarpur,Bihar,Ajay Nishad,BJP,469295
58,Vaishali,Bihar,Rama Kishore Singh,LJP,305450
59,Gopalganj,Bihar,Janak Ram,BJP,478773
60,Siwan,Bihar,Om Prakash Yadav,BJP,372670
61,Maharajganj,Bihar,Janardan Singh (Sigriwal),BJP,320753
62,Saran,Bihar,Rajiv Pratap Rudy,BJP,355120
63,Hajipur,Bihar,Ramvilas Paswan,LJP,455652
64,Ujiarpur,Bihar,Nityanand Rai,BJP,317352
65,Samastipur,Bihar,Ram Chandra Paswan,LJP,270401
66,Begusarai,Bihar,Bhola Singh,BJP,428227
67,Khagaria,Bihar,Choudhary Mahboob Ali Kaiser,LJP,313806
68,Bhagalpur,Bihar,Shailesh Kumar Urph Bulo Mandal,RJD,367623
69,Banka,Bihar,Jai Prakash Narayan Yadav,RJD,285150
70,Munger,Bihar,Veena Devi,LJP,352911
71,Nalanda,Bihar,Kaushlendra Kumar,JD(U),321982
72,Patna Sahib,Bihar,Shatrughana Sinha,BJP,485905
73,Pataliputra,Bihar,Ram Kripal Yadav,BJP,383262
74,Arrah,Bihar,Raj Kumar Singh,BJP,391074
75,Buxar,Bihar,Ashwini Kumar Choubey,BJP,319012
76,Sasaram,Bihar,Chhedi Paswan,BJP,366087
77,Karakat,Bihar,Upendra Kushwaha,RLSP,338892
78,Jahanabad,Bihar,Dr. Arun Kumar,RLSP,322647
79,Aurangabad,Bihar,Sushil Kumar Singh,BJP,307941
80,Gaya,Bihar,Hari Manjhi,BJP,326230
81,Nawada,Bihar,Giriraj Singh,BJP,390248
82,Jamui,Bihar,Chirag Kumar Paswan,LJP,285354
83,Chandigarh,Chandigarh,Smt. Kirron Kher Anupam,BJP,191362
84,Surguja,Chhattisgarh,Kamalbhan Singh Marabi,BJP,585336
85,Raigarh,Chhattisgarh,Vishnu Deo Sai,BJP,662478
86,Janjgir-Champa,Chhattisgarh,Smt. Kamla Patle,BJP,518909
87,Korba,Chhattisgarh,Dr. Banshilal Mahto,BJP,439002
88,Bilaspur,Chhattisgarh,Lakhan Lal Sahu,BJP,561387
89,Rajnandgaon,Chhattisgarh,Abhishek Singh,BJP,643473
90,Durg,Chhattisgarh,Tamradhwaj Sahu,INC,570687
91,Raipur,Chhattisgarh,Ramesh Bais,BJP,654922
92,Mahasamund,Chhattisgarh,Chandu Lal Sahu (Chandu Bhaiya),BJP,503514
93,Bastar,Chhattisgarh,Dinesh Kashyap,BJP,385829
94,Kanker,Chhattisgarh,Vikram Dev Usendi,BJP,465215
95,Dadra And Nagar Haveli,Dadra and Nagar Haveli,Patel Natubhai Gomanbhai,BJP,80790
96,Daman And Diu,Daman and Diu,Patel Lalubhai Babubhai,BJP,46960
97,Chandni Chowk,Delhi,Dr. Harsh Vardhan,BJP,437938
98,North East Delhi,Delhi,Manoj Tiwari,BJP,596125
99,East Delhi,Delhi,Maheish Girri,BJP,572202
100,New Delhi,Delhi,Smt. Meenakshi Lekhi,BJP,453350
101,North West Delhi,Delhi,Udit Raj,BJP,629860
102,West Delhi,Delhi,Parvesh Sahib Singh Verma,BJP,651395
103,South Delhi,Delhi,Ramesh Bidhuri,BJP,497980
104,North Goa,Goa,Shripad Yesso Naik,BJP,237903
105,South Goa,Goa,Adv. Narendra Keshav Sawaikar,BJP,198776
106,Kutch,Gujarat,Chavda Vinod Lakhamashi,BJP,562855
107,Banaskantha,Gujarat,Chaudhary Haribhai Parthibhai,BJP,507856
108,Patan,Gujarat,Liladharbhai Khodaji Vaghela,BJP,518538
109,Mehsana,Gujarat,Patel Jayshreeben Kanubhai,BJP,580250
110,Sabarkantha,Gujarat,Rathod Dipsinh Shankarsinh,BJP,552205
111,Gandhinagar,Gujarat,L.K.Advani,BJP,773539
112,Ahmedabad East,Gujarat,Paresh Rawal,BJP,633582
113,Ahmedabad West,Gujarat,Dr. Kirit P Solanki,BJP,617104
114,Surendranagar,Gujarat,Fatepara Devajibhai Govindbhai,BJP,529003
115,Rajkot,Gujarat,Kundariya Mohanbhai Kalyanjibhai,BJP,621524
116,Porbandar,Gujarat,Radadiya Vithalbhai Hansrajbhai,BJP,508437
117,Jamnagar,Gujarat,Poonamben Hematbhai Maadam,BJP,484412
118,Junagadh,Gujarat,Chudasama Rajeshbhai Naranbhai,BJP,513179
119,Amreli,Gujarat,Kachhadiya Naranbhai Bhikhabhai,BJP,436715
120,Bhavnagar,Gujarat,Dr. Bharatiben Dhirubhai Shiyal,BJP,549529
121,Anand,Gujarat,Dilip Patel,BJP,490829
122,Kheda,Gujarat,Chauhan Devusinh Jesingbhai (Chauhan Devusinh),BJP,568235
123,Panchmahal,Gujarat,Chauhan Prabhatsinh Pratapsinh,BJP,508274
124,Dahod,Gujarat,Jasvantsinh Sumanbhai Bhabhor,BJP,511111
125,Vadodara,Gujarat,Ranjanaben Dhananjay Bhatt,BJP,526763
126,Chhota Udaipur,Gujarat,Ramsinh Rathwa,BJP,607916
127,Bharuch,Gujarat,Vasava Mansukhbhai Dhanjibhai,BJP,548902
128,Bardoli,Gujarat,Vasava Parbhubhai Nagarbhai,BJP,622769
129,Surat,Gujarat,Jardosh Darshnaben Vikrambhai,BJP,718412
130,Navsari,Gujarat,C. R. Patil,BJP,820831
131,Valsad,Gujarat,Dr. K.C.Patel,BJP,617772
132,Ambala,Haryana,Rattan Lal Kataria,BJP,612121
133,Kurukshetra,Haryana,Raj Kumar Saini,BJP,418112
134,Sirsa,Haryana,Charanjeet Singh Rori,INLD,506370
135,Hisar,Haryana,Dushyant Chautala,INLD,494478
136,Karnal,Haryana,Ashwini Kumar,BJP,594817
137,Sonipat,Haryana,Ramesh Chander,BJP,347203
138,Rohtak,Haryana,Deepender Singh Hooda,INC,490063
139,Bhiwani-Mahendragarh,Haryana,Dharambir S/O Bhale Ram,BJP,404542
140,Gurgaon,Haryana,Inderjit Singh Rao,BJP,644780
141,Faridabad,Haryana,Krishan Pal,BJP,652516
142,Kangra,Himachal Pradesh,Shanta Kumar,BJP,456163
143,Mandi,Himachal Pradesh,Ram Swaroop Sharma,BJP,362824
144,Hamirpur,Himachal Pradesh,Anurag Singh Thakur,BJP,448035
145,Shimla,Himachal Pradesh,Virender Kashyap,BJP,385973
146,Baramulla,Jammu and Kashmir,Muzaffar Hussain Baig,PDP,175277
147,Srinagar,Jammu and Kashmir,Tariq Hameed Karra,PDP,157923
148,Anantnag,Jammu and Kashmir,Mehbooba Mufti,PDP,200429
149,Ladakh,Jammu and Kashmir,Thupstan Chhewang,BJP,31111
150,Udhampur,Jammu and Kashmir,Dr. Jitendra Singh,BJP,487369
151,Jammu,Jammu and Kashmir,Jugal Kishore,BJP,619995
152,Rajmahal,Jharkhand,Vijay Kumar Hansdak,JMM,379507
153,Dumka,Jharkhand,Shibu Soren,JMM,335815
154,Godda,Jharkhand,Nishikant Dubey,BJP,380500
155,Chatra,Jharkhand,Sunil Kumar Singh,BJP,295862
156,Kodarma,Jharkhand,Ravindra Kr. Ray,BJP,365410
157,Giridih,Jharkhand,Ravindra Kumar Pandey,BJP,391913
158,Dhanbad,Jharkhand,Pashupati Nath Singh,BJP,543491
159,Ranchi,Jharkhand,Ram Tahal Choudhary,BJP,448729
160,Jamshedpur,Jharkhand,Bidyut Baran Mahato,BJP,464153
161,Singhbhum,Jharkhand,Laxman Giluwa,BJP,303131
162,Khunti,Jharkhand,Karia Munda,BJP,269185
163,Lohardaga,Jharkhand,Sudarshan Bhagat,BJP,226666
164,Palamu,Jharkhand,Vishnu Dayal Ram,BJP,476513
165,Hazaribagh,Jharkhand,Jayant Sinha,BJP,406931
166,Chikkodi,Karnataka,Prakash Babanna Hukkeri,INC,474373
167,Belgaum,Karnataka,Angadi Suresh Channabasappa,BJP,554417
168,Bagalkot,Karnataka,Gaddigoudar Parvtagouda Chandanagouda,BJP,571548
169,Bijapur,Karnataka,Ramesh Jigajinagi,BJP,471757
170,Gulbarga,Karnataka,Mallikarjun Kharge,INC,507193
171,Raichur,Karnataka,B.V.Nayak,INC,443659
172,Bidar,Karnataka,Bhagwanth Khuba,BJP,459290
173,Koppal,Karnataka,Karadi Sanganna Amarappa,BJP,486383
174,Bellary,Karnataka,B. Sreeramulu,BJP,534406
175,Haveri,Karnataka,Udasi Shivakumar Channabasappa,BJP,566790
176,Dharwad,Karnataka,Pralhad Joshi,BJP,545395
177,Uttara Kannada,Karnataka,Anantkumar Hegde,BJP,546939
178,Davanagere,Karnataka,G M Siddeshwara,BJP,518894
179,Shimoga,Karnataka,B. S. Yeddyurappa,BJP,606216
180,Udupi Chikmagalur,Karnataka,Shobha Karandlaje,BJP,581168
181,Hassan,Karnataka,H.D. Devegowda,JD(S),509841
182,Dakshina Kannada,Karnataka,Nalin Kumar Kateel,BJP,642739
183,Chitradurga,Karnataka,B.N.Chandrappa,INC,467511
184,Tumkur,Karnataka,Muddahanumegowda.S.P.,INC,429868
185,Mandya,Karnataka,C.S.Puttaraju,JD(S),524370
186,Mysore,Karnataka,Prathap Simha,BJP,503908
187,Chamarajanagar,Karnataka,R. Dhruvanarayana,INC,567782
188,Bangalore Rural,Karnataka,D K Suresh,INC,652723
189,Bangalore North,Karnataka,D.V Sadananda Gowda,BJP,718326
190,Bangalore Central,Karnataka,P.C. Mohan,BJP,557130
191,Bangalore South,Karnataka,Ananth Kumar,BJP,633816
192,Chikkaballapur,Karnataka,M Veerappa Moily,INC,424800
193,Kolar,Karnataka,K.H.Muniyappa,INC,418926
194,Kasaragod,Kerala,P Karunakaran,CPM,384964
195,Kannur,Kerala,P K Sreemathi Teacher,CPM,427622
196,Vatakara,Kerala,Mullappally Ramachandran,INC,416479
197,Wayanad,Kerala,M I Shanavas,INC,377035
198,Kozhikode,Kerala,M .K Raghavan,INC,397615
199,Malappuram,Kerala,E. Ahamed,IUML,437723
200,Ponnani,Kerala,E. T. Mohammed Basheer,IUML,378503
201,Palakkad,Kerala,M B Rajesh,CPM,412897
202,Alathur,Kerala,P.K.Biju,CPM,411808
203,Thrissur,Kerala,C. N. Jayadevan,CPI,389209
204,Chalakudy,Kerala,Innocent,IND,358440
205,Ernakulam,Kerala,Prof. K.V. Thomas,INC,353841
206,Idukki,Kerala,Adv.Joice George,IND,382019
207,Kottayam,Kerala,Jose K. Mani,KC(M),424194
208,Alappuzha,Kerala,K C Venugopal,INC,462525
209,Mavelikkara,Kerala,Kodikunnil Suresh,INC,402432
210,Pathanamthitta,Kerala,Anto Antony,INC,358842
211,Kollam,Kerala,N.K.Premachandran,RSP,408528
212,Attingal,Kerala,Dr.A .Sampath,CPM,392478
213,Thiruvananthapuram,Kerala,Dr. Shashi Tharoor,INC,297806
214,Lakshadweep,Lakshadweep,Mohammed Faizal P.P.,NCP,21665
215,Morena,Madhya Pradesh,Anoop Mishra,BJP,375567
216,Bhind,Madhya Pradesh,Dr. Bhagirath Prasad,BJP,404474
217,Gwalior,Madhya Pradesh,Narendra Singh Tomar,BJP,442796
218,Guna,Madhya Pradesh,Jyotiraditya M Scindia,INC,517036
219,Sagar,Madhya Pradesh,Laxmi Narayan Yadav,BJP,482580
220,Tikamgarh,Madhya Pradesh,Dr. Virendra Kumar,BJP,422979
221,Damoh,Madhya Pradesh,Prahalad Singh Patel,BJP,513079
222,Khajuraho,Madhya Pradesh,Nagendra Singh,BJP,474966
223,Satna,Madhya Pradesh,Ganesh Singh,BJP,375288
224,Rewa,Madhya Pradesh,Janardan Mishra,BJP,383320
225,Sidhi,Madhya Pradesh,Riti Pathak,BJP,475678
226,Shahdol,Madhya Pradesh,Dalpat Singh Paraste,BJP,525419
227,Jabalpur,Madhya Pradesh,Rakesh Singh,BJP,564609
228,Mandla,Madhya Pradesh,Faggan Singh Kulaste,BJP,585720
229,Balaghat,Madhya Pradesh,Bodhsingh Bhagat,BJP,480594
230,Chhindwara,Madhya Pradesh,Kamal Nath,INC,559755
231,Hoshangabad,Madhya Pradesh,Uday Pratap Singh,BJP,669128
232,Vidisha,Madhya Pradesh,Sushma Swaraj,BJP,714348
233,Bhopal,Madhya Pradesh,Alok Sanjar,BJP,714178
234,Rajgarh,Madhya Pradesh,Rodmal Nagar,BJP,596727
235,Dewas,Madhya Pradesh,Manohar Untwal,BJP,665646
236,Ujjain,Madhya Pradesh,Prof. Chintamani Malviya,BJP,641101
237,Mandsaur,Madhya Pradesh,Sudhir Gupta,BJP,698335
238,Ratlam,Madhya Pradesh,Dileepsingh Bhuria,BJP,545970
239,Dhar,Madhya Pradesh,Savitri Thakur,BJP,558387
240,Indore,Madhya Pradesh,Sumitra Mahajan (Tai),BJP,854972
241,Khargone,Madhya Pradesh,Subhash Patel,BJP,649354
242,Khandwa,Madhya Pradesh,Nandkumar Singh Chouhan (Nandu Bhaiya),BJP,717357
243,Betul,Madhya Pradesh,Jyoti Dhurve,BJP,643651
244,Nandurbar,Maharashtra,Dr.Gavit Heena Vaijaykumar,BJP,579486
245,Dhule,Maharashtra,Dr. Bhamre Subhash Ramrao,BJP,529450
246,Jalgaon,Maharashtra,A.T. Nana Patil,BJP,647773
247,Raver,Maharashtra,Khadase Raksha Nikhil,BJP,605452
248,Buldhana,Maharashtra,Jadhav Prataprao Ganpatrao,SHS,509145
249,Akola,Maharashtra,Dhotre Sanjay Shamrao,BJP,456472
250,Amravati,Maharashtra,Adsul Anandrao Vithoba,SHS,467212
251,Wardha,Maharashtra,Ramdas Chandrabhanji Tadas,BJP,537518
252,Ramtek,Maharashtra,Krupal Balaji Tumane,SHS,519892
253,Nagpur,Maharashtra,Gadkari Nitin Jairam,BJP,587767
254,Bhandara-Gondiya,Maharashtra,Nanabhau Falgunrao Patole,BJP,606129
255,Gadchiroli-Chimur,Maharashtra,Ashok Mahadeorao Nete,BJP,535982
256,Chandrapur,Maharashtra,Ahir Hansraj Gangaram,BJP,508049
257,Yavatmal-Washim,Maharashtra,Gawali Bhavana Pundlikrao,SHS,477905
258,Hingoli,Maharashtra,Rajeev Shankarrao Satav,INC,467397
259,Nanded,Maharashtra,Ashok Shankarrao Chavan,INC,493075
260,Parbhani,Maharashtra,Jadhav Sanjay (Bandu) Haribhau,SHS,578455
261,Jalna,Maharashtra,Danve Raosaheb Dadarao,BJP,591428
262,Aurangabad,Maharashtra,Chandrakant Bhaurao Khaire,SHS,520902
263,Dindori,Maharashtra,Chavan Harishchandra Deoram,BJP,542784
264,Nashik,Maharashtra,Godse Hemant Tukaram,SHS,494735
265,Palghar,Maharashtra,Adv. Chintaman Navasha Wanga,BJP,533201
266,Bhiwandi,Maharashtra,Kapil Moreshwar Patil,BJP,411070
267,Kalyan,Maharashtra,Dr.Shrikant Eknath Shinde,SHS,440892
268,Thane,Maharashtra,Vichare Rajan Baburao,SHS,595364
269,Mumbai-North,Maharashtra,Gopal Chinayya Shetty,BJP,664004
270,Mumbai-North-West,Maharashtra,Gajanan Chandrakant Kirtikar,SHS,464820
271,Mumbai-North-East,Maharashtra,Kirit Somaiya,BJP,525285
272,Mumbai-North-Central,Maharashtra,Poonam Mahajan Alias Poonam Vajendla Rao,BJP,478535
273,Mumbai-South-Central,Maharashtra,Rahul Ramesh Shewale,SHS,381275
274,Mumbai-South,Maharashtra,Arvind Sawant,SHS,374780
275,Raigad,Maharashtra,Anant Geete,SHS,396178
276,Maval,Maharashtra,Appa Alias Shrirang Chandu Barne,SHS,512226
277,Pune,Maharashtra,Anil Shirole,BJP,569825
278,Baramati,Maharashtra,Supriya Sule,NCP,521562
279,Shirur,Maharashtra,Adhalrao Shivaji Dattatrey,SHS,643415
280,Ahmednagar,Maharashtra,Gandhi Dilipkumar Mansukhlal,BJP,605185
281,Shirdi,Maharashtra,Lokhande Sadashiv Kisan,SHS,532936
282,Beed,Maharashtra,Pritam Munde,BJP,922416
283,Osmanabad,Maharashtra,Gaikwad Ravindra Vishwanath,SHS,607699
284,Latur,Maharashtra,Dr. Sunil Baliram Gaikwad,BJP,616509
285,Solapur,Maharashtra,Sharad Bansode,BJP,517879
286,Madha,Maharashtra,Mohite Patil Vijaysinh Shankarrao,NCP,489989
287,Sangli,Maharashtra,Sanjaykaka Patil,BJP,611563
288,Satara,Maharashtra,Shrimant Chh. Udayanraje Pratapsinha Bhonsale,NCP,522531
289,Ratnagiri-Sindhudurg,Maharashtra,Vinayak Bhaurao Raut,SHS,493088
290,Kolhapur,Maharashtra,Dhananjay Bhimrao Mahadik,NCP,607665
291,Hatkanangle,Maharashtra,Raju Shetty,SWP,640428
292,Inner Manipur,Manipur,Dr. Thokchom Meinya,INC,292102
293,Outer Manipur,Manipur,Thangso Baite,INC,296770
294,Shillong,Meghalaya,Vincent H. Pala,INC,209340
295,Tura,Meghalaya,Purno Agitok Sangma,NPP,239301
296,Mizoram,Mizoram,C. L. Ruala,INC,210485
297,Nagaland,Nagaland,Neiphiu Rio,NPF,713372
298,Bargarh,Odisha,Prabhas Kumar Singh,BJD,383230
299,Sundargarh,Odisha,Jual (Juel Oram),BJP,340508
300,Sambalpur,Odisha,Nagendra Kumar Pradhan,BJD,358618
301,Keonjhar,Odisha,Sakuntala Laguri,BJD,434471
302,Mayurbhanj,Odisha,Rama Chandra Hansdah,BJD,393779
303,Balasore,Odisha,Rabindra Kumar Jena,BJD,433768
304,Bhadrak,Odisha,Arjun Charan Sethi,BJD,502338
305,Jajpur,Odisha,Rita Tarai,BJD,541349
306,Dhenkanal,Odisha,Tathagata Satpathy,BJD,453277
307,Bolangir,Odisha,Kalikesh Narayan Singh Deo,BJD,453519
308,Kalahandi,Odisha,Arka Keshari Deo,BJD,370871
309,Nabarangpur,Odisha,Balabhadra Majhi,BJD,373887
310,Kandhamal,Odisha,Pratyusha Rajeshwari Singh,BJD,477529
311,Cuttack,Odisha,Bhartruhari Mahatab,BJD,526085
312,Kendrapara,Odisha,Baijayant Panda,BJD,601574
313,Jagatsinghpur,Odisha,Kulamani Samal,BJD,624492
314,Puri,Odisha,Pinaki Misra,BJD,523161
315,Bhubaneswar,Odisha,Prasanna Kumar Patasani,BJD,439252
316,Aska,Odisha,Ladu Kishore Swain,BJD,541473
317,Berhampur,Odisha,Sidhant Mohapatra,BJD,398107
318,Koraput,Odisha,Jhina Hikaka,BJD,395109
319,Puducherry,Puducherry,R. Radhakrishnan,AINRC,255826
320,Gurdaspur,Punjab,Vinod Khanna,BJP,482255
321,Amritsar,Punjab,Captain Amarinder Singh,INC,482876
322,Khadoor Sahib,Punjab,Ranjit Singh Brahmpura,SAD,467332
323,Jalandhar,Punjab,Santokh Singh Chaudhary,INC,380479
324,Hoshiarpur,Punjab,Vijay Sampla,BJP,346643
325,Anandpur Sahib,Punjab,Prem Singh Chandumajra,SAD,347394
326,Ludhiana,Punjab,Ravneet Singh Bittu,INC,300459
327,Fatehgarh Sahib,Punjab,Harinder Singh Khalsa,AAP,367293
328,Faridkot,Punjab,Prof. Sadhu Singh,AAP,450751
329,Ferozpur,Punjab,Sher Singh Ghubaya,SAD,487932
330,Bathinda,Punjab,Harsimrat Kaur Badal,SAD,514727
331,Sangrur,Punjab,Bhagwant Mann,AAP,533237
332,Patiala,Punjab,Dr. Dharam Vira Gandhi,AAP,365671
333,Ganganagar,Rajasthan,Nihalchand,BJP,658130
334,Bikaner,Rajasthan,Arjun Ram Meghwal,BJP,584932
335,Churu,Rajasthan,Rahul Kaswan,BJP,595756
336,Jhunjhunu,Rajasthan,Santosh Ahlawat,BJP,488182
337,Sikar,Rajasthan,Sumedhanand Saraswati,BJP,499428
338,Jaipur Rural,Rajasthan,Rajyavardhan Singh Rathore,BJP,632930
339,Jaipur,Rajasthan,Ramcharan Bohara,BJP,863358
340,Alwar,Rajasthan,Chand Nath,BJP,642278
341,Bharatpur,Rajasthan,Bahadur Singh,BJP,579825
342,Karauli-Dholpur,Rajasthan,Manoj Rajoria,BJP,402407
343,Dausa,Rajasthan,Harish Chandra Meena,BJP,315059
344,Tonk-Sawai Madhopur,Rajasthan,Sukhbir Singh Jaunapuria,BJP,548179
345,Ajmer,Rajasthan,Sanwar Lal Jat,BJP,637874
346,Nagaur,Rajasthan,C R Choudhary,BJP,414791
347,Pali,Rajasthan,P P Choudhary,BJP,711772
348,Jodhpur,Rajasthan,Gajendrasingh Shekhawat,BJP,713515
349,Barmer,Rajasthan,Col. Sona Ram,BJP,488747
350,Jalore,Rajasthan,Devji Patel,BJP,580508
351,Udaipur,Rajasthan,Arjunlal Meena,BJP,660373
352,Banswara,Rajasthan,Manshankar Ninama,BJP,577433
353,Chittorgarh,Rajasthan,Chandra Prakash Joshi,BJP,703236
354,Rajsamand,Rajasthan,Hariom Singh Rathore,BJP,644794
355,Bhilwara,Rajasthan,Subhash Baheria,BJP,630317
356,Kota,Rajasthan,Om Birla,BJP,644822
357,Jhalawar-Baran,Rajasthan,Dushyant Singh,BJP,676102
358,Sikkim,Sikkim,Prem Das Rai,SDF,163698
359,Tiruvallur,Tamil Nadu,Venugopal.P.(Dr),AIADMK,628499
360,Chennai North,Tamil Nadu,Venkatesh Babu .T.G,AIADMK,406704
361,Chennai South,Tamil Nadu,Dr. J. Jayavardhan,AIADMK,438404
362,Chennai Central,Tamil Nadu,S.R. Vijayakumar,AIADMK,333296
363,Sriperumbudur,Tamil Nadu,"Ramachandran, K.N. Thiru",AIADMK,545820
364,Kancheepuram,Tamil Nadu,Maragatham K,AIADMK,499395
365,Arakkonam,Tamil Nadu,"Hari, G.",AIADMK,493534
366,Vellore,Tamil Nadu,"Senguttuvan, B.",AIADMK,383719
367,Krishnagiri,Tamil Nadu,Ashok Kumar.K,AIADMK,480491
368,Dharmapuri,Tamil Nadu,Anbumani Ramadoss,PMK,468194
369,Tiruvannamalai,Tamil Nadu,Vanaroja R,AIADMK,500751
370,Arani,Tamil Nadu,V.Elumalai,AIADMK,502721
371,Viluppuram,Tamil Nadu,Rajendran S,AIADMK,482704
372,Kallakurichi,Tamil Nadu,Kamaraj. K,AIADMK,533383
373,Salem,Tamil Nadu,Pannerselvam.V,AIADMK,556546
374,Namakkal,Tamil Nadu,Sundaram P.R,AIADMK,563272
375,Erode,Tamil Nadu,Selvakumara Chinnayan S,AIADMK,466995
376,Tiruppur,Tamil Nadu,V.Sathyabama,AIADMK,442778
377,Nilgiris,Tamil Nadu,"Gopalakrishnan, C.",AIADMK,463700
378,Coimbatore,Tamil Nadu,"Nagarajan, P.",AIADMK,431717
379,Pollachi,Tamil Nadu,Mahendran.C,AIADMK,417092
380,Dindigul,Tamil Nadu,Udhaya Kumar .M,AIADMK,510462
381,Karur,Tamil Nadu,"Thambidurai,M.",AIADMK,540722
382,Tiruchirappalli,Tamil Nadu,Kumar.P,AIADMK,458478
383,Perambalur,Tamil Nadu,"Marutharajaa, R.P.",AIADMK,462693
384,Cuddalore,Tamil Nadu,Arunmozhithevan.A,AIADMK,481429
385,Chidambaram,Tamil Nadu,"Chandrakasi, M",AIADMK,429536
386,Mayiladuthurai,Tamil Nadu,Bharathi Mohan R.K,AIADMK,513729
387,Nagapattinam,Tamil Nadu,Gopal. Dr. K,AIADMK,434174
388,Thanjavur,Tamil Nadu,Parasuraman.K,AIADMK,510307
389,Sivaganga,Tamil Nadu,Senthilnathan Pr,AIADMK,475993
390,Madurai,Tamil Nadu,R.Gopalakrishnan,AIADMK,454167
391,Theni,Tamil Nadu,"Parthipan, R.",AIADMK,571254
392,Virudhunagar,Tamil Nadu,Radhakrishnan T,AIADMK,406694
393,Ramanathapuram,Tamil Nadu,Anwhar Raajhaa.A,AIADMK,405945
394,Thoothukkudi,Tamil Nadu,Jeyasingh Thiyagaraj Natterjee.J,AIADMK,366052
395,Tenkasi,Tamil Nadu,Vasanthi.M,AIADMK,424586
396,Tirunelveli,Tamil Nadu,Prabakaran.K.R.P,AIADMK,398139
397,Kanniyakumari,Tamil Nadu,Radhakrishnan P.,BJP,372906
398,Adilabad,Telangana,Godam Nagesh,TRS,430847
399,Peddapalli,Telangana,Balka Suman,TRS,565496
400,Karimnagar,Telangana,Vinod Kumar Boinapally,TRS,505783
401,Nizamabad,Telangana,Kalvakuntla Kavitha,TRS,439307
402,Zahirabad,Telangana,B.B. Patil,TRS,508661
403,Medak,Telangana,Kotha Prabhakar Reddy,TRS,571800
404,Malkajgiri,Telangana,Ch.Malla Reddy,TDP,523336
405,Secunderabad,Telangana,Bandaru Dattatreya,BJP,438271
406,Hyderabad,Telangana,Asaduddin Owaisi,AIMIM,513868
407,Chelvella,Telangana,Konda Vishweshwar Reddy,TRS,435077
408,Mahabubnagar,Telangana,Ap Jithender Reddy,TRS,334228
409,Nagarkurnool,Telangana,Yellaiah Nandi,INC,420075
410,Nalgonda,Telangana,Gutha Sukhender Reddy,INC,472093
411,Bhongir,Telangana,Dr. Boora Narsaiah Goud,TRS,448245
412,Warangal,Telangana,Kadiyam Srihari,TRS,661639
413,Mahabubabad,Telangana,Prof. Azmeera Seetaram Naik,TRS,320569
414,Khammam,Telangana,Ponguleti Srinivasa Reddy,YSRC,421957
415,Tripura West,Tripura,Sankar Prasad Datta,CPM,671665
416,Tripura East,Tripura,Jitendera Choudhury,CPM,623771
417,Saharanpur,Uttar Pradesh,Raghav Lakhanpal,BJP,472999
418,Kairana,Uttar Pradesh,Hukum Singh,BJP,565909
419,Muzaffarnagar,Uttar Pradesh,(Dr.) Sanjeev Kumar Balyan,BJP,653391
420,Bijnor,Uttar Pradesh,Kunwar Bhartendra,BJP,486913
421,Nagina,Uttar Pradesh,Yashwant Singh,BJP,367825
422,Moradabad,Uttar Pradesh,Kunwer Sarvesh Kumar,BJP,485224
423,Rampur,Uttar Pradesh,Dr. Nepal Singh,BJP,358616
424,Sambhal,Uttar Pradesh,Satyapal Singh,BJP,360242
425,Amroha,Uttar Pradesh,Kanwar Singh Tanwar,BJP,528880
426,Meerut,Uttar Pradesh,Rajendra Agarwal,BJP,532981
427,Baghpat,Uttar Pradesh,Dr. Satya Pal Singh,BJP,423475
428,Ghaziabad,Uttar Pradesh,Vijay Kumar Singh,BJP,758482
429,Gautam Buddha Nagar,Uttar Pradesh,Dr.Mahesh Sharma,BJP,599702
430,Bulandshahr,Uttar Pradesh,Bhola Singh,BJP,604449
431,Aligarh,Uttar Pradesh,Satish Kumar,BJP,514622
432,Hathras,Uttar Pradesh,Rajesh Kumar Diwaker,BJP,544277
433,Mathura,Uttar Pradesh,Hema Malini Dharmendra,BJP,574633
434,Agra,Uttar Pradesh,Dr. Ram Shankar Katheria,BJP,583716
435,Fatehpur Sikri,Uttar Pradesh,Babulal,BJP,426589
436,Firozabad,Uttar Pradesh,Akshay Yadav,SP,534583
437,Mainpuri,Uttar Pradesh,Tej Pratap Singh Yadav,SP,653686
438,Etah,Uttar Pradesh,Rajveer Singh (Raju Bhaiya),BJP,474978
439,Badaun,Uttar Pradesh,Dharmendra Yadav,SP,498378
440,Aonla,Uttar Pradesh,Dharmendra Kumar,BJP,409907
441,Bareilly,Uttar Pradesh,Santosh Kumar Gangwar,BJP,518258
442,Pilibhit,Uttar Pradesh,Maneka Sanjay Gandhi,BJP,546934
443,Shahjahanpur,Uttar Pradesh,Krishna Raj,BJP,525132
444,Kheri,Uttar Pradesh,Ajay Kumar,BJP,398578
445,Dhaurahra,Uttar Pradesh,Rekha,BJP,360357
446,Sitapur,Uttar Pradesh,Rajesh Verma,BJP,417546
447,Hardoi,Uttar Pradesh,Anshul Verma,BJP,360501
448,Misrikh,Uttar Pradesh,Anju Bala,BJP,412575
449,Unnao,Uttar Pradesh,Swami Sachchidanand Hari Sakshi,BJP,518834
450,Mohanlalganj,Uttar Pradesh,Kaushal Kishore,BJP,455274
451,Lucknow,Uttar Pradesh,Raj Nath Singh,BJP,561106
452,Rae Bareli,Uttar Pradesh,Sonia Gandhi,INC,526434
453,Amethi,Uttar Pradesh,Rahul Gandhi,INC,408651
454,Sultanpur,Uttar Pradesh,Feroze Varun Gandhi,BJP,410348
455,Pratapgarh,Uttar Pradesh,Kuwar Harivansh Singh,AD,375789
456,Farrukhabad,Uttar Pradesh,Mukesh Rajput,BJP,406195
457,Etawah,Uttar Pradesh,Ashok Kumar Doharey,BJP,439646
458,Kannauj,Uttar Pradesh,Dimple Yadav,SP,489164
459,Kanpur,Uttar Pradesh,Dr.Murli Manohar Joshi,BJP,474712
460,Akbarpur,Uttar Pradesh,Devendra Singh (Bhole Singh),BJP,481584
461,Jalaun,Uttar Pradesh,Bhanu Pratap Singh Verma,BJP,548631
462,Jhansi,Uttar Pradesh,Uma Bharti,BJP,575889
463,Hamirpur,Uttar Pradesh,Kunwar Pushpendra Singh Chandel,BJP,453884
464,Banda,Uttar Pradesh,Bhairon Prasad Mishra,BJP,342066
465,Fatehpur,Uttar Pradesh,Sadhavi Niranjan Jyoti,BJP,485994
466,Kaushambi,Uttar Pradesh,Vinod Kumar Sonkar,BJP,331593
467,Phulpur,Uttar Pradesh,Keshav Prasad Maurya,BJP,503564
468,Allahabad,Uttar Pradesh,Shyama Charan Gupta,BJP,313772
469,Barabanki,Uttar Pradesh,Priyanka Singh Rawat,BJP,454214
470,Faizabad,Uttar Pradesh,Lallu Singh,BJP,491761
471,Ambedkar Nagar,Uttar Pradesh,Hari Om Pandey,BJP,432104
472,Bahraich,Uttar Pradesh,Sadhvi Savitri Bai Foole,BJP,432392
473,Kaiserganj,Uttar Pradesh,Brij Bhusan Sharan Singh,BJP,381500
474,Shravasti,Uttar Pradesh,Daddan Mishra,BJP,345964
475,Gonda,Uttar Pradesh,Kirti Vardhan Singh,BJP,359643
476,Domariyaganj,Uttar Pradesh,Jagdambika Pal,BJP,298845
477,Basti,Uttar Pradesh,Harish Chandra Alias Harish Dwivedi,BJP,357680
478,Sant Kabir Nagar,Uttar Pradesh,Sharad Tripathi,BJP,348892
479,Maharajganj,Uttar Pradesh,Pankaj,BJP,471542
480,Gorakhpur,Uttar Pradesh,Adityanath,BJP,539127
481,Kushi Nagar,Uttar Pradesh,Rajesh Pandey Urf Guddu,BJP,370051
482,Deoria,Uttar Pradesh,Kalraj Mishra,BJP,496500
483,Bansgaon,Uttar Pradesh,Kamlesh Paswan,BJP,417959
484,Lalganj,Uttar Pradesh,Neelam Sonkar,BJP,324016
485,Azamgarh,Uttar Pradesh,Mulayam Singh Yadav,SP,340306
486,Ghosi,Uttar Pradesh,Harinarayan Rajbhar,BJP,379797
487,Salempur,Uttar Pradesh,Ravindra Kushawaha,BJP,392213
488,Ballia,Uttar Pradesh,Bharat Singh,BJP,359758
489,Jaunpur,Uttar Pradesh,Krishna Pratap (K.P.),BJP,367149
490,Machhlishahr,Uttar Pradesh,Ram Charitra Nishad,BJP,438210
491,Ghazipur,Uttar Pradesh,Manoj Sinha,BJP,306929
492,Chandauli,Uttar Pradesh,Dr Mahendra Nath Pandey,BJP,414135
493,Varanasi,Uttar Pradesh,Narendra Modi,BJP,581022
494,Bhadohi,Uttar Pradesh,Virendra Singh,BJP,403544
495,Mirzapur,Uttar Pradesh,Anupriya Singh Patel,AD,436536
496,Robertsganj,Uttar Pradesh,Chhotelal,BJP,378211
497,Tehri Garhwal,Uttarakhand,Mala Rajya Laxmi Shah,BJP,446733
498,Garhwal,Uttarakhand,Bhuwan Chandra Khanduri,BJP,405690
499,Almora,Uttarakhand,Ajay Tamta,BJP,348186
500,Nainitalâ€“Udhamsingh Nagar,Uttarakhand,Bhagat Singh Koshyari,BJP,636769
501,Haridwar,Uttarakhand,Ramesh Pokhriyal,BJP,592320
502,Cooch Behar,West Bengal,Renuka Sinha,AITC,526499
503,Alipurduars,West Bengal,Dasrath Tirkey,AITC,362453
504,Jalpaiguri,West Bengal,Bijoy Chandra Barman,AITC,494773
505,Darjeeling,West Bengal,S.S.Ahluwalia,BJP,488257
506,Raiganj,West Bengal,Md. Salim,CPM,317515
507,Balurghat,West Bengal,Arpita Ghosh,AITC,409641
508,Maldaha Uttar,West Bengal,Mausam Noor,INC,388609
509,Maldaha Dakshin,West Bengal,Abu Hasem Khan Chowdhury,INC,380291
510,Jangipur,West Bengal,Abhijit Mukherjee,INC,378201
511,Baharampur,West Bengal,Adhir Ranjan Chowdhury,INC,583549
512,Murshidabad,West Bengal,Badaruddoza Khan,CPM,426947
513,Krishnanagar,West Bengal,Tapas Paul,AITC,438789
514,Ranaghat,West Bengal,Tapas Mandal,AITC,590451
515,Bangaon,West Bengal,Mamata Thakur,AITC,539999
516,Barrackpore,West Bengal,Dinesh Trivedi,AITC,479206
517,Dum Dum,West Bengal,Saugata Roy,AITC,483244
518,Barasat,West Bengal,Dr. Kakali Ghoshdostidar,AITC,525387
519,Basirhat,West Bengal,Idris Ali,AITC,492326
520,Jaynagar,West Bengal,Pratima Mondal,AITC,494746
521,Mathurapur,West Bengal,Choudhury Mohan Jatua,AITC,627761
522,Diamond Harbour,West Bengal,Abhishek Banerjee,AITC,508481
523,Jadavpur,West Bengal,Sugata Bose,AITC,584244
524,Kolkata Dakshin,West Bengal,Subrata Bakshi,AITC,431715
525,Kolkata Uttar,West Bengal,Sudip Bandyopadhyay,AITC,343687
526,Howrah,West Bengal,Prasun Banerjee,AITC,488461
527,Uluberia,West Bengal,Sultan Ahmed,AITC,570785
528,Serampore,West Bengal,Kalyan Banerjee,AITC,514933
529,Hooghly,West Bengal,Dr. Ratna De (Nag),AITC,614312
530,Arambagh,West Bengal,Aparupa Poddar (Afrin Ali),AITC,748764
531,Tamluk,West Bengal,Adhikari Suvendu,AITC,716928
532,Kanthi,West Bengal,Adhikari Sisir Kumar,AITC,676749
533,Ghatal,West Bengal,Adhikari Deepak (Dev),AITC,685696
534,Jhargram,West Bengal,Uma Saren,AITC,674504
535,Medinipur,West Bengal,Sandhya Roy,AITC,579860
536,Purulia,West Bengal,Dr. Mriganka Mahato,AITC,468277
537,Bankura,West Bengal,Sreemati Dev Varma (Moon Moon Sen),AITC,483455
538,Bishnupur,West Bengal,Khan Saumitra,AITC,578870
539,Bardhaman Purba,West Bengal,Sunil Kumar Mondal,AITC,574660
540,Bardhaman-Durgapur,West Bengal,Dr. Mamtaz Sanghamita,AITC,554521
541,Asansol,West Bengal,Babul Supriya Baral (Babul Supriyo),BJP,419983
542,Bolpur,West Bengal,Anupam Hazra,AITC,630693
543,Birbhum,West Bengal,Satabdi Roy (Banerjee),AITC,460568
